file,max_rss,time
Core/src/EventData/NeutralTrackParameters.cpp,474079232,3.50931
Core/src/EventData/PrintParameters.cpp,496594944,3.50933
Core/src/EventData/TrackParameters.cpp,475058176,3.508918
Core/src/EventData/TransformationBoundToFree.cpp,410505216,2.506216
Core/src/EventData/TransformationFreeToBound.cpp,488353792,3.007928
Core/src/Geometry/AbstractVolume.cpp,490004480,4.010153
Core/src/Geometry/ConeLayer.cpp,475213824,3.509265
Core/src/Geometry/ConeVolumeBounds.cpp,798457856,7.018242
Core/src/Geometry/CuboidVolumeBounds.cpp,612204544,5.514689
Core/src/Geometry/CuboidVolumeBuilder.cpp,797208576,7.518982
Core/src/Geometry/CutoutCylinderVolumeBounds.cpp,613167104,5.01296
Core/src/Geometry/CylinderLayer.cpp,549556224,4.511699
Core/src/Geometry/CylinderVolumeBounds.cpp,669732864,5.51371
Core/src/Geometry/CylinderVolumeBuilder.cpp,678563840,6.015155
Core/src/Geometry/CylinderVolumeHelper.cpp,808009728,7.519406
Core/src/Geometry/Extent.cpp,263892992,1.503812
Core/src/Geometry/DiscLayer.cpp,549527552,4.51186
Core/src/Geometry/GenericApproachDescriptor.cpp,479076352,3.007604
Core/src/Geometry/GenericCuboidVolumeBounds.cpp,1530728448,14.538513
Core/src/Geometry/GeometryIdentifier.cpp,557056,0.501254
Core/src/Geometry/GlueVolumesDescriptor.cpp,501608448,3.508487
Core/src/Geometry/Layer.cpp,465674240,3.509053
Core/src/Geometry/LayerArrayCreator.cpp,663097344,6.516488
Core/src/Geometry/LayerCreator.cpp,664272896,6.015299
Core/src/Geometry/NavigationLayer.cpp,472641536,3.508849
Core/src/Geometry/PassiveLayerBuilder.cpp,542089216,4.511563
Core/src/Geometry/PlaneLayer.cpp,594219008,5.012183
Core/src/Geometry/Polyhedron.cpp,386809856,2.506418
Core/src/Geometry/ProtoLayer.cpp,485470208,3.508713
Core/src/Geometry/ProtoLayerHelper.cpp,485072896,3.508888
Core/src/Geometry/SurfaceArrayCreator.cpp,821657600,11.028743
Core/src/Geometry/TrackingGeometry.cpp,505556992,4.010065
Core/src/Geometry/TrackingGeometryBuilder.cpp,506593280,3.508745
Core/src/Geometry/TrackingVolume.cpp,1596952576,18.045563
Core/src/Geometry/TrackingVolumeArrayCreator.cpp,716333056,6.517474
Core/src/Geometry/TrapezoidVolumeBounds.cpp,722259968,6.517096
Core/src/Geometry/Volume.cpp,457506816,3.509475
Core/src/Geometry/VolumeBounds.cpp,335376384,2.506378
Core/src/MagneticField/BFieldMapUtils.cpp,368410624,2.506724
Core/src/MagneticField/SolenoidBField.cpp,385626112,2.506468
Core/src/Material/AccumulatedMaterialSlab.cpp,146997248,1.002527
Core/src/Material/AccumulatedSurfaceMaterial.cpp,445628416,3.509457
Core/src/Material/AccumulatedVolumeMaterial.cpp,145879040,1.002489
Core/src/Material/AverageMaterials.cpp,144261120,1.002554
Core/src/Material/BinnedSurfaceMaterial.cpp,433086464,3.007794
Core/src/Material/HomogeneousSurfaceMaterial.cpp,144973824,1.002517
Core/src/Material/HomogeneousVolumeMaterial.cpp,147005440,1.002435
Core/src/Material/Interactions.cpp,144494592,1.002837
Core/src/Material/Material.cpp,146669568,1.002491
Core/src/Material/MaterialGridHelper.cpp,482951168,3.508592
Core/src/Material/MaterialMapUtils.cpp,400482304,3.008026
Core/src/Material/MaterialSlab.cpp,145883136,1.002767
Core/src/Material/ProtoSurfaceMaterial.cpp,396627968,2.506262
Core/src/Material/ProtoVolumeMaterial.cpp,397811712,2.506754
Core/src/Material/SurfaceMaterialMapper.cpp,1125355520,12.532099
Core/src/Material/VolumeMaterialMapper.cpp,1284702208,14.035246
Core/src/Propagator/CovarianceTransport.cpp,674127872,5.514679
Core/src/Propagator/EigenStepperError.cpp,0,0.501203
Core/src/Propagator/PropagatorError.cpp,618496,0.501251
Core/src/Propagator/StraightLineStepper.cpp,497643520,3.50851
Core/src/Propagator/detail/PointwiseMaterialInteraction.cpp,410222592,2.506286
Core/src/Propagator/detail/CovarianceEngine.cpp,698109952,5.514302
Core/src/Propagator/detail/JacobianEngine.cpp,769265664,6.01502
Core/src/Surfaces/AnnulusBounds.cpp,543412224,5.012499
Core/src/Surfaces/ConeBounds.cpp,351612928,2.00513
Core/src/Surfaces/ConeSurface.cpp,790315008,7.018251
Core/src/Surfaces/ConvexPolygonBounds.cpp,332361728,2.506504
Core/src/Surfaces/CylinderBounds.cpp,402300928,3.007741
Core/src/Surfaces/CylinderSurface.cpp,779821056,6.51652
Core/src/Surfaces/DiamondBounds.cpp,355913728,2.005035
Core/src/Surfaces/DiscSurface.cpp,691953664,6.016161
Core/src/Surfaces/DiscTrapezoidBounds.cpp,330506240,2.506491
Core/src/Surfaces/EllipseBounds.cpp,331137024,2.005002
Core/src/Surfaces/IntersectionHelper2D.cpp,329474048,2.004964
Core/src/Surfaces/LineBounds.cpp,355213312,2.005013
Core/src/Surfaces/LineSurface.cpp,769744896,6.516602
Core/src/Surfaces/PerigeeSurface.cpp,483442688,3.509027
Core/src/Surfaces/PlaneSurface.cpp,642928640,5.514054
Core/src/Surfaces/RadialBounds.cpp,350253056,2.005269
Core/src/Surfaces/RectangleBounds.cpp,343666688,2.506268
Core/src/Surfaces/StrawSurface.cpp,518180864,3.509153
Core/src/Surfaces/Surface.cpp,803762176,6.517432
Core/src/Surfaces/SurfaceArray.cpp,473731072,3.509447
Core/src/Surfaces/SurfaceError.cpp,630784,0.501227
Core/src/Surfaces/TrapezoidBounds.cpp,354152448,2.005406
Core/src/Surfaces/detail/AlignmentHelper.cpp,144973824,1.002463
Core/src/Surfaces/VerticesHelper.cpp,882667520,8.522604
Core/src/TrackFinding/CombinatorialKalmanFilterError.cpp,622592,0.501269
Core/src/TrackFitting/KalmanFitterError.cpp,622592,0.501301
Core/src/Utilities/AnnealingUtility.cpp,147681280,1.002521
Core/src/Utilities/BinUtility.cpp,329564160,2.005072
Core/src/Utilities/Logger.cpp,149360640,1.00253
Core/src/Vertexing/FsmwMode1dFinder.cpp,622592,0.501253
Core/src/Vertexing/VertexingError.cpp,2740224,0.501517
Core/src/Visualization/IVisualization3D.cpp,146042880,1.00289
Core/src/Visualization/GeometryView3D.cpp,795492352,7.018367
Core/src/Visualization/EventDataView3D.cpp,585191424,4.51158
Plugins/Digitization/src/CartesianSegmentation.cpp,668164096,6.517085
Plugins/Digitization/src/DigitizationModule.cpp,145162240,1.002643
Plugins/Digitization/src/PlanarModuleStepper.cpp,487448576,3.508547
Plugins/Json/src/MaterialMapJsonConverter.cpp,886816768,9.524366
Plugins/Json/src/AlgebraJsonConverter.cpp,492564480,4.01047
Plugins/Json/src/MaterialJsonConverter.cpp,582750208,5.514654
Plugins/Json/src/SurfaceBoundsJsonConverter.cpp,376909824,2.50673
Plugins/Json/src/SurfaceJsonConverter.cpp,649134080,6.015817
Plugins/Json/src/UtilitiesJsonConverter.cpp,618336256,6.015801
Plugins/Json/src/VolumeJsonConverter.cpp,582336512,4.511718
Plugins/TGeo/src/TGeoDetectorElement.cpp,621457408,4.010278
Plugins/TGeo/src/TGeoLayerBuilder.cpp,635965440,5.514348
Plugins/TGeo/src/TGeoParser.cpp,379752448,2.506999
Plugins/TGeo/src/TGeoPrimitivesHelper.cpp,146087936,1.002927
Plugins/TGeo/src/TGeoSurfaceConverter.cpp,828194816,6.51653
Plugins/DD4hep/src/ActsExtension.cpp,259321856,1.503738
Plugins/DD4hep/src/ConvertDD4hepDetector.cpp,813596672,7.017834
Plugins/DD4hep/src/ConvertDD4hepMaterial.cpp,790585344,6.516868
Plugins/DD4hep/src/DD4hepDetectorElement.cpp,524075008,3.509402
Plugins/DD4hep/src/DD4hepLayerBuilder.cpp,855977984,6.51626
Plugins/DD4hep/src/DD4hepVolumeBuilder.cpp,688668672,5.012769
Fatras/src/Digitization/Channelizer.cpp,513699840,3.508741
Fatras/src/Digitization/DigitizationError.cpp,630784,0.501275
Fatras/src/Digitization/PlanarSurfaceMask.cpp,479019008,3.508876
Fatras/src/Digitization/PlanarSurfaceDrift.cpp,490393600,4.010216
Fatras/src/EventData/Particle.cpp,144785408,1.002556
Fatras/src/EventData/ProcessType.cpp,618496,0.501246
Fatras/src/Kernel/SimulationError.cpp,622592,0.501338
Fatras/src/Physics/BetheHeitler.cpp,261361664,1.503889
Fatras/src/Physics/NuclearInteraction/NuclearInteraction.cpp,381116416,2.506416
Fatras/src/Physics/PhotonConversion.cpp,251256832,1.503807
Fatras/src/Physics/StandardInteractions.cpp,143241216,1.0025
Fatras/src/Utilities/LandauDistribution.cpp,561152,0.501213
Fatras/src/Utilities/ParticleData.cpp,626688,0.501298
Fatras/Geant4/src/Geant4Decay.cpp,327077888,2.005036
Fatras/Geant4/src/PDGtoG4Converter.cpp,144076800,1.002551
Fatras/Geant4/src/DummyDetectorConstruction.cpp,265949184,1.50396
Examples/Algorithms/Digitization/src/DigitizationAlgorithm.cpp,873820160,9.524351
Examples/Algorithms/Digitization/src/DigitizationConfig.cpp,867819520,7.018389
Examples/Algorithms/Digitization/src/MeasurementCreation.cpp,261611520,1.503714
Examples/Algorithms/Digitization/src/PlanarSteppingAlgorithm.cpp,806940672,7.017883
Examples/Algorithms/Digitization/src/SmearingAlgorithm.cpp,825663488,8.020399
Examples/Algorithms/Digitization/src/DigitizationOptions.cpp,771551232,6.014941
Examples/Algorithms/HepMC/src/HepMCProcessExtractor.cpp,438931456,4.010366
Examples/Algorithms/Fatras/src/FatrasAlgorithm.cpp,1613176832,25.063298
Examples/Algorithms/Fatras/src/FatrasAlgorithmOptions.cpp,566611968,4.511621
Examples/Algorithms/Geant4HepMC/src/EventAction.cpp,340729856,2.00525
Examples/Algorithms/Geant4HepMC/src/EventRecording.cpp,794918912,5.513805
Examples/Algorithms/Geant4HepMC/src/PrimaryGeneratorAction.cpp,260014080,1.503978
Examples/Algorithms/Geant4HepMC/src/RunAction.cpp,150171648,1.002664
Examples/Algorithms/Geant4HepMC/src/SteppingAction.cpp,363880448,2.506381
Examples/Algorithms/Geant4/src/EventAction.cpp,674988032,4.511365
Examples/Algorithms/Geant4/src/GdmlDetectorConstruction.cpp,276578304,1.504299
Examples/Algorithms/Geant4/src/GeantinoRecording.cpp,692932608,4.511257
Examples/Algorithms/Geant4/src/Geant4Options.cpp,760332288,6.015392
Examples/Algorithms/Geant4/src/PrimaryGeneratorAction.cpp,145620992,1.002505
Examples/Algorithms/Geant4/src/RunAction.cpp,534544384,3.508843
Examples/Algorithms/Geant4/src/SteppingAction.cpp,607768576,4.010126
Examples/Algorithms/Geant4DD4hep/src/DD4hepDetectorConstruction.cpp,287031296,1.503905
Examples/Algorithms/Generators/ActsExamples/Generators/EventGenerator.cpp,449302528,5.012833
Examples/Algorithms/Generators/ActsExamples/Generators/ParametricParticleGenerator.cpp,255086592,1.50379
Examples/Algorithms/Generators/ActsExamples/Options/ParticleGunOptions.cpp,554020864,4.010788
Examples/Algorithms/GeneratorsPythia8/ActsExamples/Generators/Pythia8ProcessGenerator.cpp,558403584,4.511415
Examples/Algorithms/GeneratorsPythia8/ActsExamples/Options/Pythia8Options.cpp,555352064,4.010292
Examples/Algorithms/MaterialMapping/src/MaterialMapping.cpp,767209472,5.51378
Examples/Algorithms/Printers/ActsExamples/Printers/HitsPrinter.cpp,339582976,2.005289
Examples/Algorithms/Printers/ActsExamples/Printers/ParticlesPrinter.cpp,381566976,2.506243
Examples/Algorithms/Printers/ActsExamples/Printers/TrackParametersPrinter.cpp,472379392,3.508805
Examples/Algorithms/TrackFinding/src/SeedingAlgorithm.cpp,642646016,5.513934
Examples/Algorithms/TrackFinding/src/SpacePointMaker.cpp,817266688,6.517175
Examples/Algorithms/TrackFinding/src/SpacePointMakerOptions.cpp,345034752,2.005052
Examples/Algorithms/TrackFinding/src/TrackFindingAlgorithm.cpp,807186432,5.513836
Examples/Algorithms/TrackFinding/src/TrackFindingAlgorithmFunction.cpp,3630460928,54.639992
Examples/Algorithms/TrackFinding/src/TrackFindingOptions.cpp,865464320,6.516844
Examples/Algorithms/TrackFinding/src/TrackParamsEstimationAlgorithm.cpp,720449536,6.516899
Examples/Algorithms/TrackFitting/src/TrackFittingOptions.cpp,288718848,1.503826
Examples/Algorithms/TrackFitting/src/SurfaceSortingAlgorithm.cpp,572690432,4.511484
Examples/Algorithms/TrackFitting/src/TrackFittingAlgorithm.cpp,812032000,6.015533
Examples/Algorithms/TrackFitting/src/TrackFittingAlgorithmFunction.cpp,3024609280,47.119269
Examples/Algorithms/TruthTracking/ActsExamples/TruthTracking/ParticleSelector.cpp,583704576,4.511417
Examples/Algorithms/TruthTracking/ActsExamples/TruthTracking/ParticleSmearing.cpp,574697472,4.01089
Examples/Algorithms/TruthTracking/ActsExamples/TruthTracking/TrackSelector.cpp,483991552,3.509055
Examples/Algorithms/TruthTracking/ActsExamples/TruthTracking/TruthSeedSelector.cpp,465682432,4.511465
Examples/Algorithms/TruthTracking/ActsExamples/TruthTracking/TruthTrackFinder.cpp,380411904,4.009992
Examples/Algorithms/TruthTracking/ActsExamples/TruthTracking/TruthVertexFinder.cpp,327483392,2.004982
Examples/Algorithms/Vertexing/src/AdaptiveMultiVertexFinderAlgorithm.cpp,2185588736,25.063405
Examples/Algorithms/Vertexing/src/IterativeVertexFinderAlgorithm.cpp,1645547520,20.552227
Examples/Algorithms/Vertexing/src/TutorialVertexFinderAlgorithm.cpp,871612416,5.513922
Examples/Algorithms/Vertexing/src/VertexFitterAlgorithm.cpp,1707503616,17.545762
Examples/Algorithms/Vertexing/src/VertexingOptions.cpp,381382656,2.506208
Examples/Detectors/ContextualDetector/src/AlignedDetector.cpp,1168883712,13.033475
Examples/Detectors/ContextualDetector/src/AlignmentDecorator.cpp,569585664,4.511741
Examples/Detectors/ContextualDetector/src/PayloadDecorator.cpp,509546496,4.011746
Examples/Detectors/ContextualDetector/src/PayloadDetector.cpp,1145430016,12.531461
Examples/Detectors/DD4hepDetector/src/Demonstrator/DemonstratorBarrel_geo.cpp,403644416,2.506554
Examples/Detectors/DD4hepDetector/src/Demonstrator/DemonstratorBeamPipe_geo.cpp,155119616,1.503932
Examples/Detectors/DD4hepDetector/src/FCChh/FCChhTrackerTkLayout_Barrel.cpp,574144512,4.010469
Examples/Detectors/DD4hepDetector/src/FCChh/FCChhTrackerTkLayout_Beampipe.cpp,155664384,1.503763
Examples/Detectors/DD4hepDetector/src/FCChh/FCChhTrackerTkLayout_Endcap.cpp,582291456,4.009995
Examples/Detectors/DD4hepDetector/src/IBL/IBLSimpleBarrel_geo.cpp,267108352,1.503753
Examples/Detectors/DD4hepDetector/src/Calorimeter/Calorimeter_barrel.cpp,404680704,2.506803
Examples/Detectors/DD4hepDetector/src/TestTracker/AirTube_geo.cpp,155869184,1.50375
Examples/Detectors/DD4hepDetector/src/TestTracker/Barrel_geo.cpp,269295616,2.005151
Examples/Detectors/DD4hepDetector/src/TestTracker/BeamPipe_geo.cpp,154533888,1.503731
Examples/Detectors/DD4hepDetector/src/TestTracker/Endcap_geo.cpp,345391104,2.005082
Examples/Detectors/DD4hepDetector/src/TestTracker/SimpleLayeredCylinder_geo.cpp,264716288,1.50395
Examples/Detectors/DD4hepDetector/src/TestTracker/ZPlanarTracker_geo.cpp,267718656,1.503815
Examples/Detectors/DD4hepDetector/src/TKLayout/TKLayoutBarrel_geo.cpp,268455936,1.504171
Examples/Detectors/DD4hepDetector/src/TKLayout/TKLayoutEndcap_geo.cpp,266080256,1.504028
Examples/Detectors/DD4hepDetector/src/DD4hepDetector.cpp,547237888,4.511289
Examples/Detectors/DD4hepDetector/src/DD4hepDetectorHelper.cpp,482967552,3.508857
Examples/Detectors/DD4hepDetector/src/DD4hepGeometryService.cpp,540237824,4.010064
Examples/Detectors/DD4hepDetector/src/DetUtils.cpp,544382976,4.010041
thirdparty/OpenDataDetector/factory/ODDCylinder_geo.cpp,403525632,2.50637
thirdparty/OpenDataDetector/factory/ODDModuleHelper.cpp,266911744,1.503831
thirdparty/OpenDataDetector/factory/ODDPixelBarrel_geo.cpp,403709952,3.008026
thirdparty/OpenDataDetector/factory/ODDPixelEndcap_geo.cpp,401428480,3.007653
thirdparty/OpenDataDetector/factory/ODDStripBarrel_geo.cpp,403615744,3.007835
thirdparty/OpenDataDetector/factory/ODDStripEndcap_geo.cpp,402198528,3.007647
Examples/Detectors/EmptyDetector/src/EmptyDetector.cpp,786247680,5.513821
Examples/Detectors/GenericDetector/src/BuildGenericDetector.cpp,545705984,3.508833
Examples/Detectors/GenericDetector/src/GenericDetector.cpp,1111842816,12.030432
Examples/Detectors/GenericDetector/src/GenericDetectorElement.cpp,420892672,3.007368
Examples/Detectors/MagneticField/src/FieldMapperRootIo.cpp,268464128,1.503861
Examples/Detectors/MagneticField/src/FieldMapperTextIo.cpp,249458688,1.503691
Examples/Detectors/MagneticField/src/MagneticFieldOptions.cpp,570212352,5.514272
Examples/Detectors/MagneticField/src/ScalableBFieldService.cpp,150982656,1.00242
Examples/Detectors/TGeoDetector/src/TGeoDetector.cpp,812425216,6.014944
Examples/Detectors/TGeoDetector/src/TGeoDetectorOptions.cpp,774524928,6.516561
Examples/Detectors/TelescopeDetector/src/TelescopeDetector.cpp,543981568,3.509063
Examples/Detectors/TelescopeDetector/src/TelescopeDetectorElement.cpp,475521024,3.007732
Examples/Detectors/TelescopeDetector/src/BuildTelescopeDetector.cpp,732000256,5.514367
Examples/Detectors/TelescopeDetector/src/TelescopeDetectorOptions.cpp,349655040,3.007772
Examples/Framework/src/Framework/BareAlgorithm.cpp,552960,0.501531
Examples/Framework/src/Framework/BareService.cpp,618496,0.50122
Examples/Framework/src/Framework/RandomNumbers.cpp,622592,0.501226
Examples/Framework/src/Framework/Sequencer.cpp,345563136,2.506109
Examples/Framework/src/Utilities/Paths.cpp,363298816,4.010265
Examples/Framework/src/Utilities/Options.cpp,121503744,1.002482
Examples/Framework/src/Utilities/Helpers.cpp,152391680,1.002907
Examples/Framework/src/Validation/DuplicationPlotTool.cpp,533442560,3.509053
Examples/Framework/src/Validation/EffPlotTool.cpp,335511552,2.004966
Examples/Framework/src/Validation/FakeRatePlotTool.cpp,537759744,3.509368
Examples/Framework/src/Validation/ResPlotTool.cpp,606658560,4.511631
Examples/Framework/src/Validation/TrackClassification.cpp,507428864,3.508706
Examples/Framework/src/Validation/TrackSummaryPlotTool.cpp,537526272,3.508716
Examples/Io/Csv/src/CsvMeasurementReader.cpp,758145024,6.015145
Examples/Io/Csv/src/CsvMeasurementWriter.cpp,871993344,8.521828
Examples/Io/Csv/src/CsvOptionsReader.cpp,341696512,2.004935
Examples/Io/Csv/src/CsvOptionsWriter.cpp,753946624,5.012455
Examples/Io/Csv/src/CsvParticleReader.cpp,418521088,3.509151
Examples/Io/Csv/src/CsvParticleWriter.cpp,341532672,2.005029
Examples/Io/Csv/src/CsvPlanarClusterReader.cpp,794001408,6.516246
Examples/Io/Csv/src/CsvPlanarClusterWriter.cpp,643600384,5.013211
Examples/Io/Csv/src/CsvSimHitReader.cpp,465944576,6.015238
Examples/Io/Csv/src/CsvSimHitWriter.cpp,339730432,2.506265
Examples/Io/Csv/src/CsvTrackingGeometryWriter.cpp,685273088,8.521059
Examples/Io/HepMC3/src/HepMC3Event.cpp,339841024,2.506548
Examples/Io/HepMC3/src/HepMC3Options.cpp,358002688,2.005327
Examples/Io/HepMC3/src/HepMC3Particle.cpp,343609344,2.005222
Examples/Io/HepMC3/src/HepMC3Reader.cpp,255381504,1.504063
Examples/Io/HepMC3/src/HepMC3Vertex.cpp,343097344,2.005322
Examples/Io/HepMC3/src/HepMC3Writer.cpp,249552896,1.503741
Examples/Io/Json/src/JsonGeometryList.cpp,331870208,3.508931
Examples/Io/Json/src/JsonMaterialWriter.cpp,633831424,4.512326
Examples/Io/Json/src/JsonSurfacesWriter.cpp,725483520,6.014933
Examples/Io/Json/src/JsonOptionsWriter.cpp,376655872,2.506327
Examples/Io/Json/src/JsonDigitizationConfig.cpp,779247616,8.521979
Examples/Io/NuclearInteractions/src/NuclearInteractionOptions.cpp,580124672,5.012629
Examples/Io/NuclearInteractions/src/RootNuclearInteractionParametersWriter.cpp,411627520,3.508728
Examples/Io/NuclearInteractions/src/detail/NuclearInteractionParametrisation.cpp,807464960,7.519708
Examples/Io/Obj/src/ObjTrackingGeometryWriter.cpp,556462080,4.010049
Examples/Io/Performance/ActsExamples/Io/Performance/TrackFinderPerformanceWriter.cpp,735485952,6.516769
Examples/Io/Performance/ActsExamples/Io/Performance/TrackFitterPerformanceWriter.cpp,693530624,5.013831
Examples/Io/Performance/ActsExamples/Io/Performance/CKFPerformanceWriter.cpp,746778624,5.513738
Examples/Io/Performance/ActsExamples/Io/Performance/SeedingPerformanceWriter.cpp,616677376,4.511289
Examples/Io/Root/src/RootMeasurementWriter.cpp,920260608,8.52129
Examples/Io/Root/src/RootMaterialDecorator.cpp,844140544,7.017834
Examples/Io/Root/src/RootMaterialWriter.cpp,597884928,4.51136
Examples/Io/Root/src/RootMaterialTrackReader.cpp,590495744,4.511421
Examples/Io/Root/src/RootMaterialTrackWriter.cpp,596959232,4.511148
Examples/Io/Root/src/RootPlanarClusterWriter.cpp,634798080,4.511162
Examples/Io/Root/src/RootParticleWriter.cpp,395640832,2.506504
Examples/Io/Root/src/RootPropagationStepsWriter.cpp,589000704,4.010018
Examples/Io/Root/src/RootSimHitWriter.cpp,338161664,2.005011
Examples/Io/Root/src/RootTrackParameterWriter.cpp,672489472,5.013515
Examples/Io/Root/src/RootTrajectoryStatesWriter.cpp,891891712,9.023012
Examples/Io/Root/src/RootTrajectoryParametersWriter.cpp,700420096,4.511226
Examples/Run/Common/src/CommonGeometry.cpp,884916224,7.01815
Examples/Run/Common/src/CommonOptions.cpp,696791040,7.018067
Examples/Run/Common/src/GeometryExampleBase.cpp,939384832,7.519577
Examples/Run/Common/src/MaterialMappingBase.cpp,1072902144,8.522336
Examples/Run/Common/src/MaterialValidationBase.cpp,1710309376,19.047541
Examples/Run/Common/src/PropagationExampleBase.cpp,1614860288,23.058082
Examples/Run/Digitization/TGeoDigitizationExample.cpp,622592,0.501248
Examples/Run/Digitization/TGeoDigitizationConfigExample.cpp,626688,0.50124
Examples/Run/Digitization/GenericDigitizationExample.cpp,0,0.501172
Examples/Run/Digitization/Common/DigitizationConfigExample.cpp,913600512,8.020048
Examples/Run/Digitization/Common/DigitizationExample.cpp,940953600,6.515894
Examples/Run/Digitization/Common/DigitizationInput.cpp,358694912,2.005013
Examples/Run/Digitization/DD4hep/DD4hepDigitizationExample.cpp,622592,0.501346
thirdparty/OpenDataDetector/factory/ODDCylinder_geo.cpp,404418560,2.506132
thirdparty/OpenDataDetector/factory/ODDModuleHelper.cpp,268988416,1.503936
thirdparty/OpenDataDetector/factory/ODDPixelBarrel_geo.cpp,403177472,3.007845
thirdparty/OpenDataDetector/factory/ODDPixelEndcap_geo.cpp,398880768,3.007468
thirdparty/OpenDataDetector/factory/ODDStripBarrel_geo.cpp,403443712,3.007874
thirdparty/OpenDataDetector/factory/ODDStripEndcap_geo.cpp,397840384,3.00781
Examples/Run/Fatras/TGeoFatrasExample.cpp,0,0.501212
Examples/Run/Fatras/TelescopeFatrasExample.cpp,614400,0.501213
Examples/Run/Fatras/PayloadFatrasExample.cpp,557056,0.501251
Examples/Run/Fatras/AlignedFatrasExample.cpp,557056,0.50127
Examples/Run/Fatras/GenericFatrasExample.cpp,557056,0.501233
Examples/Run/Fatras/Common/Fatras.cpp,614387712,4.511273
Examples/Run/Fatras/DD4hep/DD4hepFatrasExample.cpp,561152,0.501381
thirdparty/OpenDataDetector/factory/ODDCylinder_geo.cpp,401154048,2.506336
thirdparty/OpenDataDetector/factory/ODDModuleHelper.cpp,269168640,1.50375
thirdparty/OpenDataDetector/factory/ODDPixelBarrel_geo.cpp,398151680,3.007374
thirdparty/OpenDataDetector/factory/ODDPixelEndcap_geo.cpp,404656128,3.00753
thirdparty/OpenDataDetector/factory/ODDStripBarrel_geo.cpp,403939328,3.007411
thirdparty/OpenDataDetector/factory/ODDStripEndcap_geo.cpp,404033536,3.00754
Examples/Run/Geant4/GdmlGeantinoRecording.cpp,747282432,5.01248
thirdparty/OpenDataDetector/factory/ODDCylinder_geo.cpp,404250624,2.506605
thirdparty/OpenDataDetector/factory/ODDModuleHelper.cpp,268910592,1.503746
thirdparty/OpenDataDetector/factory/ODDPixelBarrel_geo.cpp,397737984,3.007518
thirdparty/OpenDataDetector/factory/ODDPixelEndcap_geo.cpp,403714048,3.007466
thirdparty/OpenDataDetector/factory/ODDStripBarrel_geo.cpp,404434944,3.007429
thirdparty/OpenDataDetector/factory/ODDStripEndcap_geo.cpp,402718720,3.008048
Examples/Run/Geant4/DD4hep/DD4hepGeantinoRecording.cpp,977182720,7.519558
thirdparty/OpenDataDetector/factory/ODDCylinder_geo.cpp,409767936,2.506549
thirdparty/OpenDataDetector/factory/ODDModuleHelper.cpp,277188608,1.503852
thirdparty/OpenDataDetector/factory/ODDPixelBarrel_geo.cpp,462340096,3.00755
thirdparty/OpenDataDetector/factory/ODDPixelEndcap_geo.cpp,469901312,3.007697
thirdparty/OpenDataDetector/factory/ODDStripBarrel_geo.cpp,407535616,2.506327
thirdparty/OpenDataDetector/factory/ODDStripEndcap_geo.cpp,414253056,2.50646
Examples/Run/Geant4/HepMC/EventRecordingExample.cpp,1027612672,7.520171
thirdparty/OpenDataDetector/factory/ODDCylinder_geo.cpp,412184576,2.506369
thirdparty/OpenDataDetector/factory/ODDModuleHelper.cpp,276619264,1.503761
thirdparty/OpenDataDetector/factory/ODDPixelBarrel_geo.cpp,459341824,3.007567
thirdparty/OpenDataDetector/factory/ODDPixelEndcap_geo.cpp,464814080,3.007915
thirdparty/OpenDataDetector/factory/ODDStripBarrel_geo.cpp,407126016,2.506349
thirdparty/OpenDataDetector/factory/ODDStripEndcap_geo.cpp,411852800,2.506375
Examples/Run/Generators/ParticleGun.cpp,462680064,2.50616
Examples/Run/Generators/Pythia8/Pythia8.cpp,461078528,2.506224
Examples/Run/Geometry/TelescopeGeometryExample.cpp,0,0.501157
Examples/Run/Geometry/TGeoGeometryExample.cpp,552960,0.50122
Examples/Run/Geometry/PayloadGeometryExample.cpp,552960,0.501233
Examples/Run/Geometry/AlignedGeometryExample.cpp,622592,0.501495
Examples/Run/Geometry/GenericGeometryExample.cpp,0,0.50119
Examples/Run/Geometry/EmptyGeometryExample.cpp,0,0.501223
Examples/Run/Geometry/DD4hep/DD4hepGeometryExample.cpp,0,0.501209
thirdparty/OpenDataDetector/factory/ODDCylinder_geo.cpp,404357120,2.506346
thirdparty/OpenDataDetector/factory/ODDModuleHelper.cpp,267239424,1.503813
thirdparty/OpenDataDetector/factory/ODDPixelBarrel_geo.cpp,404615168,3.007496
thirdparty/OpenDataDetector/factory/ODDPixelEndcap_geo.cpp,436457472,3.007823
thirdparty/OpenDataDetector/factory/ODDStripBarrel_geo.cpp,403558400,3.007849
thirdparty/OpenDataDetector/factory/ODDStripEndcap_geo.cpp,404480000,3.007947
Examples/Run/HelloWorld/HelloWorld.cpp,304463872,1.503731
Examples/Run/HelloWorld/HelloLoggerAlgorithm.cpp,146993152,1.002709
Examples/Run/HelloWorld/HelloRandomAlgorithm.cpp,145735680,1.002562
Examples/Run/HelloWorld/HelloService.cpp,144715776,1.002512
Examples/Run/HelloWorld/HelloWhiteBoardAlgorithm.cpp,148287488,1.002487
Examples/Run/HepMC3/HepMC3HistogramExample.cpp,486285312,3.007673
Examples/Run/HepMC3/HepMC3Example.cpp,492003328,2.506225
Examples/Run/MagneticField/BFieldAccessExample.cpp,563257344,4.511764
Examples/Run/MagneticField/BFieldExample.cpp,641699840,5.513959
Examples/Run/MaterialMapping/GenericMaterialMapping.cpp,618496,0.501268
Examples/Run/MaterialMapping/GenericMaterialValidation.cpp,622592,0.501261
Examples/Run/MaterialMapping/DD4hep/DD4hepMaterialMapping.cpp,622592,0.501226
thirdparty/OpenDataDetector/factory/ODDCylinder_geo.cpp,402833408,2.506742
thirdparty/OpenDataDetector/factory/ODDModuleHelper.cpp,264933376,1.503799
thirdparty/OpenDataDetector/factory/ODDPixelBarrel_geo.cpp,402702336,3.007533
thirdparty/OpenDataDetector/factory/ODDPixelEndcap_geo.cpp,404107264,3.007603
thirdparty/OpenDataDetector/factory/ODDStripBarrel_geo.cpp,396595200,3.007741
thirdparty/OpenDataDetector/factory/ODDStripEndcap_geo.cpp,403808256,3.007588
Examples/Run/MaterialMapping/DD4hep/DD4hepMaterialValidation.cpp,557056,0.501327
thirdparty/OpenDataDetector/factory/ODDCylinder_geo.cpp,400220160,2.506194
thirdparty/OpenDataDetector/factory/ODDModuleHelper.cpp,265289728,1.503713
thirdparty/OpenDataDetector/factory/ODDPixelBarrel_geo.cpp,399249408,3.007456
thirdparty/OpenDataDetector/factory/ODDPixelEndcap_geo.cpp,405143552,3.007675
thirdparty/OpenDataDetector/factory/ODDStripBarrel_geo.cpp,403251200,3.00756
thirdparty/OpenDataDetector/factory/ODDStripEndcap_geo.cpp,403075072,3.007866
Examples/Run/MaterialMapping/TGeo/TGeoMaterialMapping.cpp,0,0.501199
Examples/Run/MaterialMapping/TGeo/TGeoMaterialValidation.cpp,618496,0.501197
Examples/Run/Misc/TabulateEnergyLoss.cpp,151379968,1.00246
Examples/Run/Misc/CustomDefaultLogger.cpp,150249472,1.002893
Examples/Run/Propagation/TGeoPropagationExample.cpp,622592,0.501319
Examples/Run/Propagation/PayloadPropagationExample.cpp,0,0.501177
Examples/Run/Propagation/AlignedPropagationExample.cpp,626688,0.501254
Examples/Run/Propagation/GenericPropagationExample.cpp,0,0.501173
Examples/Run/Propagation/EmptyDetectorPropagationExample.cpp,2699264,0.501744
Examples/Run/Propagation/DD4hep/DD4hepPropagationExample.cpp,0,0.50127
thirdparty/OpenDataDetector/factory/ODDCylinder_geo.cpp,402878464,2.506237
thirdparty/OpenDataDetector/factory/ODDModuleHelper.cpp,269312000,1.504018
thirdparty/OpenDataDetector/factory/ODDPixelBarrel_geo.cpp,403312640,3.007514
thirdparty/OpenDataDetector/factory/ODDPixelEndcap_geo.cpp,404914176,3.007779
thirdparty/OpenDataDetector/factory/ODDStripBarrel_geo.cpp,401498112,3.0076
thirdparty/OpenDataDetector/factory/ODDStripEndcap_geo.cpp,404803584,3.007605
Examples/Run/Reconstruction/GenericRecTruthTracks.cpp,0,0.501208
Examples/Run/Reconstruction/TGeoRecTruthTracks.cpp,0,0.501208
Examples/Run/Reconstruction/TelescopeRecCKFTracks.cpp,0,0.501187
Examples/Run/Reconstruction/TelescopeRecTruthTracks.cpp,0,0.501209
Examples/Run/Reconstruction/GenericRecCKFTracks.cpp,626688,0.501215
Examples/Run/Reconstruction/TGeoRecCKFTracks.cpp,0,0.501225
Examples/Run/Reconstruction/GenericSeedingExample.cpp,557056,0.501223
Examples/Run/Reconstruction/TGeoSeedingExample.cpp,557056,0.501306
Examples/Run/Reconstruction/Common/RecInput.cpp,1037459456,7.017366
Examples/Run/Reconstruction/Common/RecTruthTracks.cpp,1022316544,8.019913
Examples/Run/Reconstruction/Common/RecCKFTracks.cpp,1088540672,8.020093
Examples/Run/Reconstruction/Common/SeedingExample.cpp,963194880,7.018142
Examples/Run/Reconstruction/DD4hep/DD4hepSeedingExample.cpp,0,0.501204
thirdparty/OpenDataDetector/factory/ODDCylinder_geo.cpp,401641472,2.506358
thirdparty/OpenDataDetector/factory/ODDModuleHelper.cpp,268046336,1.503739
thirdparty/OpenDataDetector/factory/ODDPixelBarrel_geo.cpp,403247104,3.007751
thirdparty/OpenDataDetector/factory/ODDPixelEndcap_geo.cpp,405966848,3.006987
thirdparty/OpenDataDetector/factory/ODDStripBarrel_geo.cpp,398823424,3.007678
thirdparty/OpenDataDetector/factory/ODDStripEndcap_geo.cpp,404758528,3.007422
Examples/Run/Reconstruction/DD4hep/DD4hepRecCKFTracks.cpp,557056,0.501208
thirdparty/OpenDataDetector/factory/ODDCylinder_geo.cpp,403243008,2.506183
thirdparty/OpenDataDetector/factory/ODDModuleHelper.cpp,268169216,1.503856
thirdparty/OpenDataDetector/factory/ODDPixelBarrel_geo.cpp,398667776,3.007468
thirdparty/OpenDataDetector/factory/ODDPixelEndcap_geo.cpp,404389888,3.007588
thirdparty/OpenDataDetector/factory/ODDStripBarrel_geo.cpp,403451904,3.007147
thirdparty/OpenDataDetector/factory/ODDStripEndcap_geo.cpp,403517440,3.007403
Examples/Run/Reconstruction/DD4hep/DD4hepRecTruthTracks.cpp,0,0.501196
thirdparty/OpenDataDetector/factory/ODDCylinder_geo.cpp,403914752,2.506904
thirdparty/OpenDataDetector/factory/ODDModuleHelper.cpp,268685312,1.503724
thirdparty/OpenDataDetector/factory/ODDPixelBarrel_geo.cpp,404549632,3.007525
thirdparty/OpenDataDetector/factory/ODDPixelEndcap_geo.cpp,397729792,3.007683
thirdparty/OpenDataDetector/factory/ODDStripBarrel_geo.cpp,404303872,3.008526
thirdparty/OpenDataDetector/factory/ODDStripEndcap_geo.cpp,403226624,3.007666
Examples/Run/Show/ShowParticles.cpp,347250688,2.004983
Examples/Run/Show/ShowFatrasGeneric.cpp,408272896,2.506848
Examples/Run/Vertexing/VertexFinderReaderExample.cpp,431308800,2.506575
Examples/Run/Vertexing/Pythia8/TutorialVertexFinderExample.cpp,459292672,2.506405
Examples/Run/Vertexing/Pythia8/VertexFitterExample.cpp,464019456,2.506598
Examples/Run/Vertexing/Pythia8/IterativeVertexFinderExample.cpp,460648448,2.506517
Examples/Run/Vertexing/Pythia8/AdaptiveMultiVertexFinderExample.cpp,461557760,2.506433
Tests/CommonHelpers/Acts/Tests/CommonHelpers/DataDirectory.cpp,151138304,1.002473
Tests/CommonHelpers/Acts/Tests/CommonHelpers/TestSourceLink.cpp,150384640,1.002427
Tests/Benchmarks/BoundaryCheckBenchmark.cpp,423104512,3.508663
Tests/Benchmarks/CovarianceTransportBenchmark.cpp,503246848,4.009992
Tests/Benchmarks/EigenStepperBenchmark.cpp,1024327680,9.524232
Tests/Benchmarks/AtlasStepperBenchmark.cpp,897208320,7.518636
Tests/Benchmarks/AnnulusBoundsBenchmark.cpp,406917120,3.007575
Tests/Benchmarks/BinUtilityBenchmark.cpp,658116608,5.514061
Tests/Benchmarks/SurfaceIntersectionBenchmark.cpp,700047360,5.513916
Tests/Benchmarks/SolenoidFieldBenchmark.cpp,350396416,2.507018
Tests/Benchmarks/RayFrustumBenchmark.cpp,1370546176,12.030459
Tests/IntegrationTests/PropagationCompareEigenStraightLine.cpp,1087324160,10.025421
Tests/IntegrationTests/PropagationCompareAtlasEigenConstant.cpp,1426845696,14.537827
Tests/IntegrationTests/PropagationStraightLine.cpp,1249140736,12.531298
Tests/IntegrationTests/BVHNavigationTest.cpp,1279373312,12.030203
Tests/IntegrationTests/PropagationEigenConstant.cpp,1468022784,15.039074
Tests/IntegrationTests/InterpolatedSolenoidBFieldTest.cpp,504467456,4.010626
Tests/IntegrationTests/PrintDataDirectory.cpp,626688,0.501281
Tests/IntegrationTests/PropagationAtlasConstant.cpp,1249497088,12.531669
Tests/IntegrationTests/PropagationDenseConstant.cpp,1655443456,21.052666
Tests/IntegrationTests/Autodiff/PropagationAutodiffConstant.cpp,1524011008,15.538825
Tests/IntegrationTests/Autodiff/PropagationAutodiffDenseConstant.cpp,1626693632,21.554425
Tests/IntegrationTests/Autodiff/PropagationCompareEigenAutodiff.cpp,1252950016,11.529247
Tests/IntegrationTests/Autodiff/PropagationCompareAtlasAutodiffConstant.cpp,1484095488,15.037953
Tests/IntegrationTests/Fatras/FatrasSimulationTests.cpp,1623171072,20.553093
Tests/IntegrationTests/Legacy/ATLSeedingIntegrationTest.cpp,271446016,2.005014
Tests/UnitTests/Core/VersionTests.cpp,157319168,1.002534
Tests/UnitTests/Core/Definitions/UnitsTests.cpp,341577728,2.506238
Tests/UnitTests/Core/EventData/CurvilinearTrackParametersTests.cpp,773451776,6.51648
Tests/UnitTests/Core/EventData/FreeTrackParametersTests.cpp,804704256,7.018029
Tests/UnitTests/Core/EventData/ChargeTests.cpp,341024768,3.00759
Tests/UnitTests/Core/EventData/MeasurementTests.cpp,647778304,7.018969
Tests/UnitTests/Core/EventData/MeasurementHelpersTests.cpp,666234880,6.015499
Tests/UnitTests/Core/EventData/BoundTrackParametersTests.cpp,936243200,9.5241
Tests/UnitTests/Core/EventData/MultiTrajectoryTests.cpp,1492193280,16.041003
Tests/UnitTests/Core/EventData/TransformBoundToFreeTests.cpp,685207552,5.513773
Tests/UnitTests/Core/EventData/TransformFreeToBoundTests.cpp,722984960,5.513823
Tests/UnitTests/Core/Geometry/VolumeBoundsTests.cpp,473571328,3.509418
Tests/UnitTests/Core/Geometry/TrapezoidVolumeBoundsTests.cpp,749375488,6.516256
Tests/UnitTests/Core/Geometry/DiscLayerTests.cpp,772034560,6.015916
Tests/UnitTests/Core/Geometry/TrackingGeometryCreationTests.cpp,929767424,9.523942
Tests/UnitTests/Core/Geometry/CylinderVolumeBuilderTests.cpp,442998784,3.508775
Tests/UnitTests/Core/Geometry/CylinderLayerTests.cpp,769232896,6.015001
Tests/UnitTests/Core/Geometry/CutoutCylinderVolumeBoundsTests.cpp,722608128,6.015256
Tests/UnitTests/Core/Geometry/NavigationLayerTests.cpp,730734592,5.513668
Tests/UnitTests/Core/Geometry/TrackingGeometryGeometryIdTests.cpp,841412608,7.016716
Tests/UnitTests/Core/Geometry/ProtoLayerTests.cpp,774111232,6.516522
Tests/UnitTests/Core/Geometry/TrackingGeometryClosureTests.cpp,839528448,7.017565
Tests/UnitTests/Core/Geometry/CuboidVolumeBuilderTests.cpp,910069760,7.018083
Tests/UnitTests/Core/Geometry/VolumeTests.cpp,634896384,6.015148
Tests/UnitTests/Core/Geometry/CuboidVolumeBoundsTests.cpp,718426112,6.015468
Tests/UnitTests/Core/Geometry/GeometryIdentifierTests.cpp,222130176,1.503786
Tests/UnitTests/Core/Geometry/CylinderVolumeBoundsTests.cpp,896679936,8.521537
Tests/UnitTests/Core/Geometry/ConeVolumeBoundsTests.cpp,697065472,5.51378
Tests/UnitTests/Core/Geometry/TrackingVolumeTests.cpp,1275645952,12.030294
Tests/UnitTests/Core/Geometry/ConeLayerTests.cpp,733462528,5.513846
Tests/UnitTests/Core/Geometry/SurfaceBinningMatcherTests.cpp,611520512,4.010108
Tests/UnitTests/Core/Geometry/GenericCuboidVolumeBoundsTests.cpp,790450176,7.017381
Tests/UnitTests/Core/Geometry/ExtentTests.cpp,424353792,3.007583
Tests/UnitTests/Core/Geometry/AlignmentContextTests.cpp,627748864,5.012454
Tests/UnitTests/Core/Geometry/GenericApproachDescriptorTests.cpp,730390528,6.015339
Tests/UnitTests/Core/Geometry/GeometryHierarchyMapTests.cpp,301875200,3.008307
Tests/UnitTests/Core/Geometry/SurfaceArrayCreatorTests.cpp,1093623808,13.032639
Tests/UnitTests/Core/Geometry/LayerCreatorTests.cpp,899633152,8.020233
Tests/UnitTests/Core/Geometry/PlaneLayerTests.cpp,773373952,6.015089
Tests/UnitTests/Core/Geometry/ProtoLayerHelperTests.cpp,882597888,8.019948
Tests/UnitTests/Core/Geometry/LayerTests.cpp,772362240,6.015131
Tests/UnitTests/Core/Geometry/PolyhedronTests.cpp,622702592,5.513427
Tests/UnitTests/Core/Geometry/SimpleGeometryTests.cpp,649052160,5.013003
Tests/UnitTests/Core/MagneticField/MagneticFieldProviderTests.cpp,265736192,1.503891
Tests/UnitTests/Core/MagneticField/SolenoidBFieldTests.cpp,338333696,2.506194
Tests/UnitTests/Core/MagneticField/InterpolatedBFieldMapTests.cpp,439361536,3.508789
Tests/UnitTests/Core/MagneticField/ConstantBFieldTests.cpp,402460672,3.508801
Tests/UnitTests/Core/Material/VolumeMaterialMapperTests.cpp,1306185728,13.03274
Tests/UnitTests/Core/Material/SurfaceMaterialMapperTests.cpp,931229696,8.020031
Tests/UnitTests/Core/Material/ProtoVolumeMaterialTests.cpp,542670848,5.011987
Tests/UnitTests/Core/Material/ProtoSurfaceMaterialTests.cpp,534339584,4.511552
Tests/UnitTests/Core/Material/AccumulatedSurfaceMaterialTests.cpp,534794240,5.514159
Tests/UnitTests/Core/Material/MaterialTests.cpp,349515776,2.506151
Tests/UnitTests/Core/Material/AccumulatedVolumeMaterialTests.cpp,315908096,2.506162
Tests/UnitTests/Core/Material/MaterialGridHelperTests.cpp,602189824,6.015637
Tests/UnitTests/Core/Material/AverageMaterialsTests.cpp,338444288,3.007527
Tests/UnitTests/Core/Material/BinnedSurfaceMaterialTests.cpp,542871552,5.013366
Tests/UnitTests/Core/Material/HomogeneousVolumeMaterialTests.cpp,266493952,2.004937
Tests/UnitTests/Core/Material/HomogeneousSurfaceMaterialTests.cpp,347951104,2.506361
Tests/UnitTests/Core/Material/InteractionsTests.cpp,378142720,3.007507
Tests/UnitTests/Core/Material/InterpolatedMaterialMapTests.cpp,604790784,5.514197
Tests/UnitTests/Core/Material/AccumulatedMaterialSlabTests.cpp,339746816,3.008052
Tests/UnitTests/Core/Material/MaterialCompositionTests.cpp,314306560,2.005036
Tests/UnitTests/Core/Material/MaterialSlabTests.cpp,309964800,2.004955
Tests/UnitTests/Core/Propagator/VolumeMaterialInteractionTests.cpp,698761216,5.513887
Tests/UnitTests/Core/Propagator/StraightLineStepperTests.cpp,961445888,11.528812
Tests/UnitTests/Core/Propagator/StepperTests.cpp,2333769728,47.619889
Tests/UnitTests/Core/Propagator/PropagatorTests.cpp,1220530176,12.030733
Tests/UnitTests/Core/Propagator/NavigatorTests.cpp,1323327488,12.53214
Tests/UnitTests/Core/Propagator/MaterialCollectionTests.cpp,1771036672,25.565048
Tests/UnitTests/Core/Propagator/AbortListTests.cpp,611512320,4.511121
Tests/UnitTests/Core/Propagator/JacobianEngineTests.cpp,884494336,8.020389
Tests/UnitTests/Core/Propagator/AtlasStepperTests.cpp,895758336,10.025212
Tests/UnitTests/Core/Propagator/KalmanExtrapolatorTests.cpp,1659703296,18.547107
Tests/UnitTests/Core/Propagator/AuctioneerTests.cpp,214142976,1.503676
Tests/UnitTests/Core/Propagator/ConstrainedStepTests.cpp,335740928,2.005107
Tests/UnitTests/Core/Propagator/CovarianceEngineTests.cpp,795729920,6.516808
Tests/UnitTests/Core/Propagator/CovarianceTransportTests.cpp,842579968,7.518622
Tests/UnitTests/Core/Propagator/ActionListTests.cpp,712617984,4.512178
Tests/UnitTests/Core/Propagator/DirectNavigatorTests.cpp,1637425152,19.048304
Tests/UnitTests/Core/Propagator/JacobianTests.cpp,911265792,8.020544
Tests/UnitTests/Core/Propagator/ExtrapolatorTests.cpp,1695412224,25.563705
Tests/UnitTests/Core/Propagator/LoopProtectionTests.cpp,1012170752,9.023073
Tests/UnitTests/Core/Seeding/EstimateTrackParamsFromSeedTest.cpp,1586425856,17.544622
Tests/UnitTests/Core/Seeding/SeedfinderTest.cpp,386449408,3.008181
Tests/UnitTests/Core/Surfaces/DiscSurfaceTests.cpp,765075456,6.516111
Tests/UnitTests/Core/Surfaces/PerigeeSurfaceTests.cpp,664297472,5.012539
Tests/UnitTests/Core/Surfaces/AlignmentHelperTests.cpp,509177856,3.508608
Tests/UnitTests/Core/Surfaces/DiamondBoundsTests.cpp,437096448,3.509122
Tests/UnitTests/Core/Surfaces/ConeBoundsTests.cpp,437612544,3.508719
Tests/UnitTests/Core/Surfaces/CylinderSurfaceTests.cpp,730742784,6.014808
Tests/UnitTests/Core/Surfaces/AnnulusBoundsTests.cpp,518967296,4.010107
Tests/UnitTests/Core/Surfaces/ConvexPolygonBoundsTests.cpp,521334784,6.015099
Tests/UnitTests/Core/Surfaces/CylinderBoundsTests.cpp,434434048,3.509206
Tests/UnitTests/Core/Surfaces/ConeSurfaceTests.cpp,714174464,6.014849
Tests/UnitTests/Core/Surfaces/IntersectionHelper2DTests.cpp,352210944,2.506387
Tests/UnitTests/Core/Surfaces/InfiniteBoundsTests.cpp,393900032,2.506582
Tests/UnitTests/Core/Surfaces/SurfaceIntersectionTests.cpp,788873216,6.516417
Tests/UnitTests/Core/Surfaces/DiscTrapezoidBoundsTests.cpp,433135616,3.508543
Tests/UnitTests/Core/Surfaces/BoundaryCheckTests.cpp,625623040,6.516294
Tests/UnitTests/Core/Surfaces/LineBoundsTests.cpp,430907392,3.007492
Tests/UnitTests/Core/Surfaces/SurfaceLocalToGlobalRoundtripTests.cpp,841170944,7.017933
Tests/UnitTests/Core/Surfaces/LineSurfaceTests.cpp,732938240,6.51711
Tests/UnitTests/Core/Surfaces/PlaneSurfaceTests.cpp,892424192,8.019958
Tests/UnitTests/Core/Surfaces/RadialBoundsTests.cpp,437063680,3.509402
Tests/UnitTests/Core/Surfaces/VerticesHelperTests.cpp,399536128,3.007587
Tests/UnitTests/Core/Surfaces/RectangleBoundsTests.cpp,436682752,3.509015
Tests/UnitTests/Core/Surfaces/StrawSurfaceTests.cpp,672423936,5.012812
Tests/UnitTests/Core/Surfaces/SurfaceBoundsTests.cpp,395759616,3.007703
Tests/UnitTests/Core/Surfaces/SurfaceArrayTests.cpp,815034368,6.516929
Tests/UnitTests/Core/Surfaces/EllipseBoundsTests.cpp,436363264,3.509164
Tests/UnitTests/Core/Surfaces/SurfaceTests.cpp,746893312,6.015147
Tests/UnitTests/Core/Surfaces/TrapezoidBoundsTests.cpp,471879680,3.508836
Tests/UnitTests/Core/TrackFinding/CombinatorialKalmanFilterTests.cpp,4221333504,62.15623
Tests/UnitTests/Core/TrackFitting/KalmanFitterTests.cpp,4277772288,64.163927
Tests/UnitTests/Core/TrackFitting/GainMatrixUpdaterTests.cpp,2461978624,27.571612
Tests/UnitTests/Core/TrackFitting/GainMatrixSmootherTests.cpp,894169088,10.025315
Tests/UnitTests/Core/Utilities/HelpersTests.cpp,510418944,5.013305
Tests/UnitTests/Core/Utilities/ExtendableTests.cpp,257114112,1.503866
Tests/UnitTests/Core/Utilities/MaterialMapUtilsTests.cpp,831889408,5.513825
Tests/UnitTests/Core/Utilities/BinningDataTests.cpp,450797568,4.009999
Tests/UnitTests/Core/Utilities/BinAdjustmentVolumeTests.cpp,609562624,6.014587
Tests/UnitTests/Core/Utilities/BinUtilityTests.cpp,661753856,6.516715
Tests/UnitTests/Core/Utilities/GridTests.cpp,685285376,12.030377
Tests/UnitTests/Core/Utilities/FrustumTest.cpp,1416003584,13.033671
Tests/UnitTests/Core/Utilities/LoggerTests.cpp,285728768,2.004998
Tests/UnitTests/Core/Utilities/BinAdjustmentTests.cpp,672714752,6.015321
Tests/UnitTests/Core/Utilities/FiniteStateMachineTests.cpp,448536576,4.511366
Tests/UnitTests/Core/Utilities/BoundingBoxTest.cpp,1883385856,22.557
Tests/UnitTests/Core/Utilities/SubspaceTests.cpp,1787404288,23.058359
Tests/UnitTests/Core/Utilities/PeriodicTests.cpp,376238080,3.007459
Tests/UnitTests/Core/Utilities/BFieldMapUtilsTests.cpp,516202496,5.012522
Tests/UnitTests/Core/Utilities/ResultTests.cpp,347664384,3.007518
Tests/UnitTests/Core/Utilities/AnnealingUtilityTests.cpp,333709312,2.00495
Tests/UnitTests/Core/Utilities/InterpolationTests.cpp,346050560,2.506325
Tests/UnitTests/Core/Utilities/IntersectionTests.cpp,577335296,5.012024
Tests/UnitTests/Core/Utilities/MPLTests.cpp,341590016,2.506281
Tests/UnitTests/Core/Utilities/MultiIndexTests.cpp,311152640,2.506862
Tests/UnitTests/Core/Utilities/RayTest.cpp,368308224,2.506761
Tests/UnitTests/Core/Utilities/AxesTests.cpp,544784384,5.514712
Tests/UnitTests/Core/Utilities/RealQuadraticEquationTests.cpp,329768960,2.005233
Tests/UnitTests/Core/Utilities/TypeTraitsTest.cpp,256106496,1.504006
Tests/UnitTests/Core/Utilities/UnitVectorsTests.cpp,373387264,3.508701
Tests/UnitTests/Core/Vertexing/FullBilloirVertexFitterTests.cpp,1635479552,20.050194
Tests/UnitTests/Core/Vertexing/ImpactPointEstimatorTests.cpp,1282437120,12.030441
Tests/UnitTests/Core/Vertexing/IterativeVertexFinderTests.cpp,2324176896,29.074647
Tests/UnitTests/Core/Vertexing/KalmanVertexUpdaterTests.cpp,1608355840,16.542167
Tests/UnitTests/Core/Vertexing/GridDensityVertexFinderTests.cpp,874254336,7.519335
Tests/UnitTests/Core/Vertexing/LinearizedTrackFactoryTests.cpp,1426690048,13.533941
Tests/UnitTests/Core/Vertexing/TrackDensityVertexFinderTests.cpp,794025984,7.017996
Tests/UnitTests/Core/Vertexing/GaussianGridTrackDensityTests.cpp,826605568,7.017812
Tests/UnitTests/Core/Vertexing/AdaptiveMultiVertexFinderTests.cpp,3011776512,39.601667
Tests/UnitTests/Core/Vertexing/AdaptiveMultiVertexFitterTests.cpp,2192011264,25.064412
Tests/UnitTests/Core/Vertexing/ZScanVertexFinderTests.cpp,1537085440,13.033261
Tests/UnitTests/Core/Vertexing/KalmanVertexTrackUpdaterTests.cpp,1662586880,19.048378
Tests/UnitTests/Core/Vertexing/AdaptiveGridTrackDensityTests.cpp,708976640,6.015246
Tests/UnitTests/Core/Visualization/TrackingGeometryView3DTests.cpp,958816256,8.521633
Tests/UnitTests/Core/Visualization/VolumeView3DTests.cpp,754651136,6.516397
Tests/UnitTests/Core/Visualization/SurfaceView3DTests.cpp,1076506624,12.531934
Tests/UnitTests/Core/Visualization/PrimitivesView3DTests.cpp,796454912,6.516687
Tests/UnitTests/Core/Visualization/EventDataView3DTests.cpp,3439792128,49.627859
Tests/UnitTests/Core/Visualization/Visualization3DTests.cpp,461647872,4.010894
Tests/UnitTests/Examples/Json/JsonDigitizationConfigTests.cpp,861241344,8.522111
Tests/UnitTests/Benchmarks/BenchmarkTools.cpp,388554752,3.508845
Tests/UnitTests/Fatras/Digitization/UncorrelatedHitSmearerTests.cpp,807624704,6.516496
Tests/UnitTests/Fatras/Digitization/PlanarSurfaceDriftTests.cpp,588042240,4.010011
Tests/UnitTests/Fatras/Digitization/ChannelizerTests.cpp,794267648,7.018404
Tests/UnitTests/Fatras/Digitization/PlanarSurfaceMaskTests.cpp,822984704,7.017455
Tests/UnitTests/Fatras/Digitization/ChannelMergerTests.cpp,586485760,4.511606
Tests/UnitTests/Fatras/EventData/ParticleTests.cpp,377671680,3.007841
Tests/UnitTests/Fatras/EventData/HitTests.cpp,379650048,3.508987
Tests/UnitTests/Fatras/EventData/BarcodeTests.cpp,219791360,1.503873
Tests/UnitTests/Fatras/Kernel/TupleIndexOfTests.cpp,273203200,1.503777
Tests/UnitTests/Fatras/Kernel/SimulationActorTests.cpp,740843520,6.516741
Tests/UnitTests/Fatras/Kernel/InteractionListTests.cpp,381272064,3.508877
Tests/UnitTests/Fatras/Kernel/ContinuousProcessTests.cpp,349663232,3.007855
Tests/UnitTests/Fatras/Physics/PhotonConversionTests.cpp,519303168,4.511479
Tests/UnitTests/Fatras/Physics/ScatteringTests.cpp,505905152,4.009828
Tests/UnitTests/Fatras/Physics/BetheHeitlerTests.cpp,422289408,3.007298
Tests/UnitTests/Fatras/Physics/BetheBlochTests.cpp,379518976,3.007741
Tests/UnitTests/Fatras/Selectors/SelectorHelpersTests.cpp,355094528,3.007436
Tests/UnitTests/Fatras/Selectors/ParticleSelectorsTests.cpp,345382912,3.007917
Tests/UnitTests/Fatras/Selectors/KinematicCastsTests.cpp,354717696,2.506498
Tests/UnitTests/Fatras/Utilities/ParticleDataTests.cpp,313044992,2.506284
Tests/UnitTests/Plugins/Digitization/DoubleHitSpacePointBuilderTests.cpp,863133696,7.519929
Tests/UnitTests/Plugins/Digitization/SingleHitSpacePointBuilderTests.cpp,784629760,6.516293
Tests/UnitTests/Plugins/Digitization/PlanarModuleStepperTests.cpp,671076352,5.012514
Tests/UnitTests/Plugins/Digitization/CartesianSegmentationTests.cpp,589897728,4.51146
Tests/UnitTests/Plugins/Digitization/ClusterizationTests.cpp,386146304,3.007477
Tests/UnitTests/Plugins/Json/SurfaceJsonConverterTests.cpp,839266304,8.020557
Tests/UnitTests/Plugins/Json/UtilitiesJsonConverterTests.cpp,828030976,7.51913
Tests/UnitTests/Plugins/Json/AlgebraJsonConverterTests.cpp,536043520,5.514403
Tests/UnitTests/Plugins/Json/MaterialMapJsonConverterTests.cpp,828022784,6.516493
Tests/UnitTests/Plugins/Json/SurfaceBoundsJsonConverterTests.cpp,490065920,5.013337
Tests/UnitTests/Plugins/Json/GeometryHierarchyMapJsonConverterTests.cpp,461602816,6.015292
Tests/UnitTests/Plugins/TGeo/TGeoArb8ConversionTests.cpp,769449984,6.015122
Tests/UnitTests/Plugins/TGeo/TGeoTrd1ConversionTests.cpp,777273344,6.016098
Tests/UnitTests/Plugins/TGeo/TGeoLayerBuilderTests.cpp,768159744,6.015131
Tests/UnitTests/Plugins/TGeo/TGeoBBoxConversionTests.cpp,924139520,8.020993
Tests/UnitTests/Plugins/TGeo/TGeoTrd2ConversionTests.cpp,799277056,6.516741
Tests/UnitTests/Plugins/TGeo/TGeoTubeConversionTests.cpp,799936512,6.517129
Tests/UnitTests/Plugins/TGeo/TGeoParserTests.cpp,611450880,4.511383
Tests/UnitTests/Plugins/TGeo/TGeoPrimitivesHelperTests.cpp,263516160,1.503875
